{
  "hash": "2eea09dd",
  "configHash": "a8f633b6",
  "lockfileHash": "19841f5d",
  "browserHash": "465802f0",
  "optimized": {
    "@angular/common/http": {
      "src": "../../../../../node_modules/@angular/common/fesm2022/http.mjs",
      "file": "@angular_common_http.js",
      "fileHash": "fff1e568",
      "needsInterop": false
    },
    "@angular/core": {
      "src": "../../../../../node_modules/@angular/core/fesm2022/core.mjs",
      "file": "@angular_core.js",
      "fileHash": "b876022b",
      "needsInterop": false
    },
    "@angular/platform-browser": {
      "src": "../../../../../node_modules/@angular/platform-browser/fesm2022/platform-browser.mjs",
      "file": "@angular_platform-browser.js",
      "fileHash": "74e055af",
      "needsInterop": false
    },
    "@angular/router": {
      "src": "../../../../../node_modules/@angular/router/fesm2022/router.mjs",
      "file": "@angular_router.js",
      "fileHash": "92f5f7da",
      "needsInterop": false
    }
  },
  "chunks": {
    "chunk-NVC3RDSB": {
      "file": "chunk-NVC3RDSB.js"
    },
    "chunk-XP6CFEJS": {
      "file": "chunk-XP6CFEJS.js"
    },
    "chunk-2E4JFRG6": {
      "file": "chunk-2E4JFRG6.js"
    }
  }
}